food_tweet,sentiment_result
Longing mee goreng ??,1
MEE GORENG DALAM PLASTIC PUNN AHAHAHHAHA,0
"Guys, aku baru lepas cuba Vit’s Italian Mee Goreng perisa Bolognese. Pergh memang sedap teroks mee goreng ala-1",1
tak lama lagi mee goreng mamak pun di jadikan aiskrim ??,-1
Baru td ckp dgn dal nk diet taknak makan McD sekali masak maggi member??,0
Harini org kat rumah semua nk makan mee goreng. Dehek,1
"Semalam   share psal Kicap Pedas Mahsuri, terus pergi cari hari ni! ??",0
"Kicap dia sedaaaaap sgat, sesuai…",1
Masa sekolah agama dulu selalu bungkus mee atau nasi goreng dlm plastik. Pastu hujung koyakan sikit.,0
Siap bayam tumis air dgn ayam kicap pengaruh khairul amilin pny resepi. Huhu.. reluctant gak nak beli kicap pedas,1
got mee goreng? hahaha,0
mee goreng mamak kering ke basah? keliru,0
Amat memalukan..got prawn behing the mee goreng.,-1
Sedapnya bau mee goreng jiran sebelah masak,1
aaaaq sedapnyaaa mee goreng sg ara,1
Lakso aku rasa nak try buat esok.,0
Sampai sampai je dua kali breakfast (nasi goreng and mee goreng) gg,1
"Tadi melantak roti canai dgn laksam. Pastu puding trifle ?? nasi lemak, mee goreng dgn cake ada lagi ??",0
"Sebelum pergi office semalam, dah makan mee goreng mak buat.",0
Sya baru makan mee goreng td... Siap dgn jeruk lada.... Jeles tak???,1
na_dhania harini siapkan bekal syawal je dia nak nasik dgn bilis goreng tu. karipap coq badak tu frozen,0
Nak kurus tapi pagi-pagi dah bedal 1 pinggan mee goreng mak buat,0
Hokkaido +rendang ayam + pulut kuning + mee sup + cempedak goreng = tido tak bangon-1,0
nasi 7 benua... Mee goreng sotong...,0
Dari tadi sis bangun. Sis konon nak goreng mee.,0
",,, I left my mee goreng in the kitchen and its already -1.30am",0
michellemanika_ time time macam ni lapar la tengok mee goreng basah aish,1
Aina_bakrilee Bila ckp pasal careless pakai cincin ni teringat dekat my mom . Pernah masak mee goreng utk makan be,0
"Buka tudung saji nampak mee goreng. So aku buat keputusan, kena ikut cara Tiga Abdul. Amek bau je.",0
"Aku tak berapa minat sangat mee kuning, prefer kuey teow dan bihun. So malam ni first time aku masak mee kuning",-1
PLEASE MY MOOTS MAKES ME CRAVE FOR MEE GORENG BUT I DONT LIKE MEE GORENG HERE IT TASTE WEIRD AAAAAAAA,-1
is that.. mee goreng??? they look tasty ??,1
Aku sampai muak ye makan kat kl ni sebab dah rindu makanan jb. Nasi lemak pon aku boleh muak. Mee goreng,-1
betapa kecewanya aku sruh adiku masak mee goreng yang datang mee tomyam,-1
Sian Lily nak makan nasi Rizal bagi mee goreng pulak aduiii ??,0
"masak mee udon utk anak, baba request nasi goreng pulee.",0
Sedap x mee goreng,1
Baiknyaaa Rahman Bawak Kan Mee Goreng Untuk Usu....Yang Rizal Ini Bawak Mee Untuk Diri Sendiri ke Atau Untuk Lily Tu,0
"Rahman bawak mee goreng untuk Usu, ishhh, Usu hargailah Rahman, sebelum ada yang kebas..Rasanya nnti Yaya tu minat",0
no one will revoke tht card?? then at least eat mee goreng or meehoon goreng or something,0
UyainaArshad Tak sempat nak tngok mee goreng kesukaan Usu,0
UyainaArshad KENAPA TINGGALKAN MEE GORENG,-1
Makan mee goreng buat aku rasa bersalah ??,-1
y’all how many calories is in half a plate of mee goreng...,0
"baru mintak mee goreng, ko dah tanya dah dapat ke belum? scary la ko ni cik",0
Mee goreng basah,0
"Punya la lapar, search tempat makan best kat Fb. Tapi dapat kedai yang serve nasi goreng sejuk. Wth, goreng tengah…",-1
the best mee goreng basah ever,1
Finally.. Mee hoon kueh (hand-torn noodle) made by my mama recipe turun temurun ?? Thank you  youngsyefura bagi ika…,0
Dulu kalau arwah ayah dapat gaji mesti dia beli bahan-1 untuk masak mee goreng..katanya masak kat rumah puas hati si,0
"Hai! saya ada jual keropok keping yang belum digoreng. Keropok jenis nipis, tak rasa gatal…",0
Sian mee goreng.,-1
"Mak aku ni duk berdua pon masak mcm makan 3-4 org.. skali grg ikan 8 ekor, goreng mee sekuali, kalau x habis nnt kena bebel",0
Alhamdulillah..mee goreng mamak dah mendarat dgn jayanya..laki ckp mee goreng biasa mggu lps sdp ag????okla..lps nih x ltk kari ag????,1
UYOOOO YOYO MAKAN MEE GORENG HAHAHAHHAHAS,1
"semalam i said kat aqil,  okay -1morrow maybe i wan to cook mee goreng  dia dgn bajetnya berkata,  eh i dont eat mee",0
Stressed out Mee Goreng.,0
tamagotrash mee goreng yum,1
ArleenArnold__ Hahaha....mee goreng on.....mesti on bell...,1
hidup memang perit tapi tahu apa yang lagi perit? bila kau order maggi goreng tapi yang sampai mee goreng,0
zualyahya Haah yang selalu order mee goreng mamak tu??,0
Aryarfcc-101 Mee Goreng :v,0
"Selalu selepas senaman mmg normal badan akan rasa lapar, tempat favorite rakyat malaysia nk lepak makan lepas senam",0
tteokbuds nk mee goreng harituuu,1
Dia jadi mee goreng sbb kene masak banyak memang terpotong-1 lah hahaha,0
was supposed to cook mee goreng but it ended up as mee hailam ?? but it’s still sedap ??,1
Dari pagi makan Mee Kari lepastu pisang goreng lepastu seaweed lepastu keropok ikan lepastu otw lunch makan nasi be,0
Sabilaa0708 Aku juga wkwk ?? Tapinetah kenapa kek kurang batik klo kek gini??,-1
  keisnakim Emang itu ga masuk batik yaa? Yang motif-1 kek gitu udah kuanggap batik hehe,-1
 mengidam kek batik pulak,1
  KikiMUsam sy mkn manis sebab minum kopi n mkn kek batik. benda manis yg lain sy tk gemar sgt. kena start balik ni.,1
 rindu kek batik umi ??,1
  maszlee Area semenyih craving cheesekut/kek batik boleh pm saya,0
  mutualannnkuyyy Udah kek batik aja pake motif,1
 aku nk kek batik,1
  BTS_twt bapak nya kek lagi pake batik,0
  nadeaqistina babe i baru lepas mkn kek batik ??. U off ke esok?,0
 Teringin makan kek batik,1
" Tom yam, ayam masak merah, nasik ayam penyet, kopi belalak, zinger burger, kek batik. Hahahaha! Leput kerja ????",1
" Ahh, aku teringin sarah punya kek batik ritu yg kat sg tu. Ahh. ???????? jauhnyaaaa...",1
 First time buat kek batik sendiri sedap siott,1
 aku nak kek batik dowh,1
 Weekend ni nak buat kek batik indulges tu ??,1
 Nak kek batik ??????,1
" Tolong lah dpt kek batik esok, nak pos ni",1
 love that i spent 30mins tonight making something i love - kek batik!!?? something to look forward to tomorrow.,1
  _ainanajwa_ Cowie tak makan kek batik. Hang keja mana wei skunk.,0
  benmyob Hahaha aku tak juai wey. Kek batik cheese nak dak ? Makcik aku ada juai. ,
 Aku jadi dropship kek batik tapi nk beli kek batik pun miskin hahaha. Haih sabar-1. Hari-1 dok telan air liur je??,0
" Cheesekut , Tiramisu dan Kek Batik pun open order guys! Jom order untuk merasai kenikmatan kek kami ?? ",1
  nak kek batik .. sambal udang .. hmm ..,1
  yiyieeen Our not too sweet Kek Batik Indulgence and Kek Batik that will satisfy your crave for sweet desserts. COD,1
  zainuryusra  nurlnjhah Ahhhhhh...lpasni aku tknk tuntut kek batik.aku nk kek pelikat,-1
" aq sumpah nak kek batik, nak buat sendiri tapi aq fobia sebab dua kali buat dua dua tak jadi tsktsk aq nak",1
" Aku buat kek batik, tapi aku sendiri yg tak makan. Apo",0
 Banyak kali dah buat kek batik jadi je. Harini buat tak jadi haih geramnya aku ??,-1
  AlepHazwan  rudyramly Kek batik moden kot. Kaler purple mesti perisa keladi,0
 My kek batik is soooooooo delicious!!!!! ??????????,1
 Craving kek batik ni dari awal tahun lepas lagi smpai sekarang tak tunaikan lagi ??,1
 craving kek batik ??,1
 Obses dengan kek batik sendiri . AHAHHAHAH SEDAP SIOTT ??????,1
  syirahjmldn  WanieHM Haha i ada cousin pandai buat kek batik keras ??  syirahjmldn,-1
 dokyeom baju nya kek batik engkong gw,0
  WanieHM Kek batik keras for lyfe!!,0
 Dapat kek batik indulgence pun sedap jugak ni,1
 rasa nak buat kek batik ????puasa baru sehari da macam macam nak makan?? 6 hari lagi oi kena ganti,1
 Yey kek batik ??,1
 semalam kawan bagi kek cheese harini adik beli kek batik ?? rosak diet,1
  jeonvcrs kek batik sedap tuh,1
 Jadi kisah kek batik yang salah track tadi ku sudah bagitw dengan ima,-1
 Kek batik yg biskut dia keras mana nak cari dm seller kat ig semua buat taktau je mmmmmmmmm,-1
" Yesss kek batik gue sedapppp, tq youtubee",1
  snfsltk Nisa. Mana nak jumpa orang jual kek batik murah kat su? Aku mencari lama dah ni.,0
 nak kek batik,1
  bisikanputera Hai saya ada buat kek batik semalam ??,0
" Alhamdulillah settle cod Istana Kek Batik harini. Dari pukul 3 tadi, la ni baru sampai rumah. Syukurr! ",0
 Craving Kek Batik and Brownies ??,1
 dah lama ya tak buat kek batik. aduh teringin pula,1
 yaAllah tolong la mane nak dapat kek batik indulgence dalam shah alam ni aqoeww cravinggggg,1
 Time ani la mau kek batik hm,1
 Kek Batik Indulgence ?,1
  schfess batiknya ada -1 kamis jumat tapi yg jumat kek lebih ke 'batik gamis' warna ungu gitu,0
  flowerbunkus  akhifairuz_ kena praktis tayammum. dua-1 hadas kecik dan besar boleh settle,0
"  Done! 3 hours teaching session and shopping time with mommy for kek batik cheeseeeeee ! Next, left 1 online session tonight. Yuhuuuuu",0
  saraaaisml kek batik guwa mana,0
  soleildomsun  endang_yl Batiknya kek batik mahal ????  apalagi cincinnya pasti mahal,-1
 Do yall miss my kek batik hulk,1
 Craving for samyang & kek batik,1
  peacheeps Kukira celana hobi kek batik :'),0
 Minta minta lah kek batik indulgence ku menjadi klau tak ku menangis tk berlagu,1
  i nak kek batik ??,1
 tengok bell buat kek batik rasa cam nak buat kek batik jugak ,1
 suddenly my lunch is kek batik,1
 teringin nak makan kek batik. kat pasar malam harini ada tak....,1
  iffasyafika93 Kek batik cheese weh.  Aku muak pulk tengok ????,0
  thestorykids Seungmin???????? itu yg dipake kek batik,0
"  idgfraa Hahaha, kena g beli lah gitu. Dah macam-macam jenis kek batik sekarang",0
 ok nak makan kek batik,1
 nak kek batik,1
 craving kek batik ,1
 Kek batik melting from  fabolous_pastry (ig). Sincerely homemade by me ?? help me to spread this ??,1
   cxpxjxn Nak kek batik,1
 Oh. Esok member iouls nak datang rumah. Siap-siap order kek batik dengan akak bawah rumah sebab iouls malas nak masak apa-apa. Lol,0
  wiwjjjjjjey Salfok celana jhope kek batik :( mana alat musik nya kek buat musik koplo lg,0
 So minggu ni kita restock Kek Batik yekk ??,0
 siapa ada jual kek batik?,0
  kingshadowtae Hobbi kek pake batik ??,0
 the fact that the auntie cleaner cakap kek batik i sedap ?? and i even gave my niece dia ckp sedap and nak lagi.,1
 Kek batik & cookies. Forever love sangat ??,1
 omg pasar malam ada kek batik. i suppose this is ?????????? ?????????? ? ,1
 Alhamdullilah rezeki murah today. Masuk keje pukul 6pm balik 10pm. Dapat kek batik dapat roti puree cicah sambal sardine!!!!,0
" Kek Batik ni nampak je simple , tapi kalau nak buat ikut citarasa aku tu memang susah nak jumpa huhuhu",1
 aaaaaa tak sangka kek batik indulgence sebenarnya sedap gila nak mampus???????? i thought rasa dia manis and biasa je,1
 Terasa nak makan kek batik tapi tulah kalau aku buat aku sorang je yg makan. Yang lain diet sangat ??,1
"  FariezaDiana Aiskrim tak aiskrim, kek batik awak memang ketagih. Cenggini ???? ",1
"  FariezaDiana Kek batik aiskrim? Wow sis, dah up level",1
  I jual manja-1 je dadih susu kat my sis’s cafe (Langkawi) selain dari kek batik ice cream.,1
 Ima ajar lh cara buat kek batik,1
 Last3 tengok youtube cara buat kek batik tapi pelik juga ku sebab berbeza beza cara dorang,0
 Jadi hari sabtu malam ku buat lh kek batik,0
 Tapi ku mw kek batik tu lembut dan guna milo 100%,1
 Kisahnya apabila ku teringin betul makan kek batik,1
 Nak kek batik ??,1
 kek batik paling sedap dont fight me ????,1
 craving for kek batik at this hour urgh,1
  myrmjd Kek batik awak pon pandai buat ??,1
 kolornya kek batik.... ,-1
 kek batik brownies with lotus biscoff spread ANDDDDD congo bars with cadbury crunchie spread and reese's pb chips!…,1
 not my bf throwing shades at me saying tht i only knew how to make kek batik whenever i tell him im ?cooking?,0
 Rasa macam nak buat kek batik ??,1
 craving kek batik yang ada cheese tuuu??,1
 Dokleh berenti makan kek batik??,0
 Order kek batik pun padu ni ??,1
 craving kek batik so let’s make it tonight :)))),1
 Mau kek batik ??,1
 Rasa nak makan kek batik dengan cheesekut tapi taknak yang buat sendiri. Nak yang orang lain buat,1
 Sedap nya kek batik ??,1
  my pretty boy sunshine precious cupcake ice cream mochi kfc kek batik nasi lemak ayam masak merah ??? ,1
  thankyou so much for those yang beli and repeat my kek batik indulgence!!! sumpah tak expect baru -1nd slot dah almond,0
  alisyarshd thankyou alisya! anyone yang nak makan kek batik with a premium taste boleh roger i okay! ???? ,1
 Esok nak buat kek batik lepastu nak makan sorang-1 ,1
  Safraathirah  harizrafley  theisyraf  thezytrn.. Saya dah lama teringin nak beli kek batik /roll,1
 i wan kek batik!!! send kek batik pls,1
 Tetiba teringin nak buat kek batik ??,1
" Rindu nya buat makan makan kat uma sini. Lama nya derg tk kumpul kat sini. Sandwish, mee hoon, ayam merah, kerabu mangga, kek batik, sobsob.",0
  i’m so proud sebab first attempt kek batik i sedap ??,1
   Siap sudah kek batik indulgence ?????? lama betul nk cari semangat,1
    NikShariff9-1 Baik bang.. maceh.. kek batik ngan cheese leleh tu memukau la..,0
   nak kek batik,1
    Syamimi_Azrx Nak kek batik mimi!,1
   Ramai suka kek batik i ni. Halamak??,0
   my hot chocolate become kek batik ??,1
"   Nk post sini sbb dah berjaya buat Kek Batik Indulgence ehekkk, walaupon comot siket buat it's okay sbb I know what",1
    naz_miy Gilehhhh babihh????mampu buatkan kek batik jee??????,-1
"   Sendiri yang bangun bangun terus makan kek batik, sendiri yang stress bila perut sakit ?? Ayreen ayreen ???????",0
   Cakap dengan kawan-1 craving kek batik indulgence. Terus dieorang carikkan yang leleh-1 terus ???? sayangg korang ??????…,0
"    lelechicaa Bntr, baju batik sklhnya kek kenal ????",0
    izwanijusof Kek batik pun order hmm,0
   yay saya dh order kek batik hehe,1
   Teringin kek batik. Tapi taknk mkn manis ??,0
"    _nrizzaty Nanti birthday i, buat kek batik eskrem okey! Celeb dkt Jogja lg HAHAHAHAHAA. ",1
   Ya Allah sayang mana lah nak cari kek batik kat Singapore ni??,1
   Makan kek batik...aktif betul girl nie kick kick... Manis gamaknyaa..,1
    normohd333 benda aku plg mls buat ialah kek batik. tp aku suka makan ??,0
   Aduh tetiba teringin nak makan kek batik tapi malas pulak nak keluar beli bahan https://t.co/RX6tRnJWFk,1
   Halahh teringin nk mkn kek batik now ????,1
    nurulfrhnm sedapnyo awok kek batik sayo lamo doh craving trangtangtang,1
    notossho Dah lama tak makan kek batik ??,1
   Casually ordering Kek Batik at -1 am. Thank you seller for responding too ????,0
   aaaa dia rindu nak makan kek batik aku sksjsksksksks ??,1
    NoorAiman03  m1ygkkk Pandai masak kek batik ??,1
"   Wow, kek batik habis licin ?? Dah cakap, kalini sedap lain macam sting aku yahoo",1
Rasa macam nak jual kek batik melting since ramai request suruh jual lepas kasi rasa je haritu ??,1
IntanNadiaaaa aku baru lepas tengok video resepi nak buat kek batik indulgence ????,0
Memalam buat kek batik and everyone dlm rumah be like wahhh bau kuih rayaaaa,0
Nak kek batik indulgence malam-1 ni. Mana nak dapat ??,1
   sedap ke kek batik indulgence ni ?? terliur pulak emm,1
   mok kek batik ??????,1
   Habis dah kek batik shahirah ??,0
   Dia payung gambar pulakk .hahaha sis da la hantu kek batik ..mmg lame da perhati kek batik qills jual ni ..ko sabar,0
    giginisa_ kek batik tak pernah tak sedap. kecuali tak cukup bahan je,-1
   1st time makan kek batik indulgence. Sedap teroxxxx????.,1
   Nak kek batik chesse tu tapi,0
   i am craving for kek batik.... so imma do it tomorrow ??,1
   Sedapnya kek batik aku ??,1
"   Sumpah, aku akan beli lgi kek batik n!!",1
   Craving kek batik ??,1
   mana nak dapat kek batik yg sedap eh? teringin pulak ????????,1
   Dari pukul 1 tghari tadi babe g cod Istana Kek Batik. 5.30 ptg baru sampai rumah. Syukur rezeki harini. ,0
   tapi lapaq mcd lapaq kek batik indulgence jugak ??,1
   Aaaaa lama tak makan kek batik cheeseeeeee,1
   Dah lama ngidam nk makan kek batik indulgence  NikShariff9-1 ni.  Harini baru dpt rasa sbb selalu habis . ,1
    therealmadian Nak kek batik. Please.,1
   Tetiba teringin kek batik ????,1
   Hari ahad tgklah hindustan. Dan kek batik ?? xpelah. Nikmati dlu.,1
   I think my kek batik is very delicious. #doneselfclaim,1
   takde ke kek batik boleh pos hm??,0
   Not a big fan of kek batik but I’m craving ittt,1
   Malam esok ada cod tau. For those yang tengah craving oden ke kek batik ke. Jom join cod. ,0
   Teringin gile nak makan kek batik ??,1
   Mana nak cri kek batik area gombak eh sbb mls nk buat??,1
   aku sebenarnya menyesal tak makan kek batik mango cheese nurin semalam ??,0
   macam tak sempat je nak buat kek batik indulgence petang ni…macam sis ada banyak lagi design je niiiii ,0
   I nak buat kek batik sbb craving gila but malas nak turun beli barangg ??,0
BASED IN BDR SRI PERM… https://t.co/KAopwka-1Ui,0
"   I want brownies, i want creampuff, i want kek batik ??????",1
"    wanie_Mj  am_nuramalina waniii, tetiba rindu kek batik kauuuuuu??????????",1
   Craving kek batik em,1
   Do i smell kek batik indulgence this evening ?? ,1
   ulang ulang lah aaku ni nk makan kek batik,1
   mcm nk buat kek batik indulgence. tapi tapi tapi i tgh diet . siap siot nk mkn,1
   Kek batik Engko sedap dol,1
   Nk kek batik yg ada cream cheese tu,1
"   Time jual kek batik time pkp pon dia minta free gak , tau la aku buat sedap pon astaga budak niii ?????",0
    Kek_Batik ????????,0
    fashazf You're welcome sha ?? harap awak puas lah makan kek batik tu hehe,1
   Craving kek batik indulgence ??,1
    toastedmahone for kek batik biase byk but indulgence omg so susah ?? murungggg,-1
   yeahh dah pandai buat kek batik ??,1
    Sya_NurFi Nak kek batik!,1
   Aku nak kek batik ??,1
   Cis kek batik chocolate ganache tak jadi ?????,-1
   Kek batik done. Tak tahu la apa rasa,-1
   Kek batik indulgence sedap sangat rasa nak menangis makan ??,1
   Kek batik kurang manis is done ?,0
   semekom i craving kek batik indulgence huaaaa sedeyyyy,1
   Butter takde cancel kek batik malam ni,-1
   Mak puji cheesekut dengan kek batik kita banyak kali. Awhhhhh ??????,1
   Kek batik macam sedap. No no !,1
   mana nak beli kek batik ??,0
"   Teringin sangat nak kek batik  Syifope , tapi jauhhh.. so that kota buat sendiri lah.. kek batik indulgence ",1
    naffaisul_ Kek batik pun tak lepas lagi Tsk tsk tsk ??,-1
   tiba craving kek batik aa marila kita buat,1
    miramahira I pun dah break my no sugar rules ?? semalam makan burger king dgn Sprite. Harini makan kek batik ??,0
   nak kek batik lah pulak,1
"   amboi kek batik chocojar, kemain  ??",0
   kek batik potongan hancur ,-1
   mau buat kek batik tapi mls hahahaha,0
"   Cheeseburger,nasi Arab,pizza,tea beng, kek batik and sandwiches amalin ?? #imagination",0
   Made a kek batik ganache yesterday ,1
   Stop la jual kek batik. Dah ramai sgt pondan jual. Yg nak beli nya sorg je. Chocojar pun sama.,-1
   Ada order Kek Batik hari ini dua kotak. At least I have something to do today right. Ada lagi ke nak selit order? ??,0
   teringin kek batik la pulak,1
   i made two batches of kek batik today :D,0
   whipping cream habis stok la pula kt sini hmm so tak jadi la nak buat kek batik indulgence buat kek batik biasa je la,0
"   Menu harini, ayam masak lemak cili api dessert dia kek batik ??",0
"   to everyone who loves nasi lemak ayam, takoyaki, pizza cheese, kek batik and sambal belacan, I LOVEEEEE YOUUUU",1
   Craving kek batik????,1
   I is teringin kek batik soo bad.,1
  Thankyouuuuu izza bagi kek batik manis yang sedapppp ??,1
  Kek batik????,0
   syuhailarahmat Ya Allah sis your kek batik is the best kek batik ever pernah beli -1 kali sumpah tak menyesal,1
  I even thought of making kek batik bc I'm craving for something chocoalatey and sis already bought the ingredients hehe ?????,1
 Tambahan menu kek batik kali ni sangat lah unik dan sedap ye! Nantikannn ??,1
 Tetiba craving something chocolate ??. Esok nak buat kek batik ah,1
 kek batik aku kalini sedap??,1
 Craving kek batik??,1
 Best lah tengok snap ecah bersukan.. aku tengok sambil makan kek batik sarawak,1
 cream cheese dngn kek batik sedap kee ???? i cannot imaginee kalau cam whipped cream tu okay lagi,-1
 aku niii nk buat kek batik pon pemalas haih apalah nk jadi ??????,-1
 update ?? i finally got my kek batik ???????? ,1
  ada rasa ati nak molah kek batik tapi tauk sik jadi huhuhuh,-1
 Nak kek batik.,1
   Ooo senang je buat kek batik indulgence...,1
   kek batik paling sedap kat ganu. ?? ,1
 MohKeIpoh Salam. Those yg dah muak makan kek biasa tu boleh try KEK BATIK INDULGENCE CHEESE yg sangat sedap,1
   effie_mohamad  NikShariff9-1  fadzrulafzal Tu ah tu. Kek batik tu yang tempting tu. ????????,1
   I'm craving for some kek batik,1
 Ya Allah teringinnya kek batik,1
 minggu depan bawa kek batik lah haha,0
  thinking abt kek batik........ i want kek batik now.,1
  sumpah rasa nak makan kek batik cheese tu,1
  bu tanya bila nak buat kek batik ????,0
 Nak kek batik,1
  sedap nya kek batik ????????,1
 Aku nak kek batik hurmmm,1
   Nak kek batik (‘:,1
  nak kek batik :(,1
  Happy nya bila tengok cust suka kek batik KBC ??,1
"  i go bonkers for brownies, chocolate chip cookies and kek batik and some of my friends sell all of that stuff",0
  Teringin kek batik indulgence ????,1
  Istg my little sister makes the best kek batik in the world. You cannot change my mind,1
"   Aku buat kek batik tapi tak sedap sebab bukan biskut marie, choc dia dah choudo ii sedap gila. Off sebab biskut je ?? im sad",-1
 Nak buat kek batik cadbury hahah sbb craving ??,1
Craving kek batik... ??????????,1
Sedapnya nak kek batik juga,1
  Sedapnya kek batik nak nangis??,1
  just drank tealive and ate a whole damn kek batik purrr?? ini adalah #skincare routine????,0
"   disebabkan craving kek batik, jadi kita buat jelah.",1
  Semangat nak buat kek batik tapi butter bahan penting tak de pulak ??,1
Weh nak kek batik,1
 shazzmiraa Hahaha. Kenapa buat kek batik keras kakcik. Happy birthday!,-1
kek batik ganache aku kurang smooth tapi masyallah sedap bethul,1
 amagad dah boleh potong my kek batik ganacheeeeee,1
   For sure esok buat kek batik!,0
" Dua kali beli, dua-dua tak memuaskan tekak. Jadi, PKPB hari pertama, kita buat walaupun haram tak pernah buat kek batik",-1
 Waaa my kek batik horlicks berjayaaaa,1
  Ibu nak jual kek batik pulak since area rumah aku ni takde lagi yg jual kek batik ??,0
   harap-1 kek batik ganache hari ni jadi ????,0
   Kek batikkkk ?? hahaha end up I jadi tak suka kek batik ,-1
 Aku craving nak makan kek batik tapi aku malas sangat nak buat sebab nak makan je ?? Mana nak cari yg dah siap,1
nak kek batik,1
 Aku rindu kek batik ??????????,1
  Nak kek batik/ choc moist la ?? TAPIIII!! Taknak masak taknak buat sendiri ??,1
Kek batik pun da dapat tadi puas hati ah ??,0
  Nak makan kek batik dekat bokbong cafe ??,0
" Anyway, Alhamdulillah ?? siapa nak order wawawax or kek batik boleh dm hihi",0
 I have this weird cravings of brownies or kek batik whenever in quarantine,0
"Takpela taknak lah kek batik, saja je tweet tadi tu huhuk",-1
Nak kek batik nak kek batik nak kek batik nak kek batik,1
  Nak buat kek batik tapi butter tak cukup pulak. Lambat pulak ummi balik harini ??,0
 Mcm sedap laa pulak kek batik,1
  Balik rumah awal ni mcm nak buat kek batik,0
   tetiba teringat kek batik indulgence kak ipar. sho shedappp. ??????,1
  njihhbsrin don't attack me like dis laaa paling paling pon buat kek batik je cuk tapi tula :),0
Rasa nak makan kek batik. Kena buat lah ni kan ??,1
 CzarHareii kek batik indulgence. sedap tauuu ????,1
kenyang gilaaaa. tapi tekak nak makan kek batik mama buat sebab nampak sedappp??????,1
erra you don't need kek batik ok,-1
kek batik cheese omg so good,1
sedap weh kek batik sumpah tak boong,1
Sedapnyaa kek batik indulgence ??,1
Nak kek batik bodo sumpah craving,1
SEDAPNYAA KEK BATIK MADAM,1
kek batik mdm fatimah is soooooo good ????,1
teringin kek batik la hahahs,1
Sedapnya kek batik ya allah aku bertekad nak buat minggu ni kalau tak buat aku tidur la tu,1
Nak kek batik nak cheesekut nak kek nak ayam kfc nak coklat nak rojak nak potato bowl kfc ??,1
   i want to eat indonesian food so bad like ayam geprek lontong sayur nasi uduk ayam penyet so so so so bad like ugh,1
will i be the happiest person if i got my nasi ayam penyet and chocolates? yes??,1
"Tengok org post gambar cake teringin cake. Orang post nasi ayam penyet, teringin nasi ayam penyet ",1
Rindu pulak nasi ayam penyet Teluk Ramunia,1
I want nasi ayam penyet so bad :(((,1
Nasi Ayam Penyet akak ni sedap. ,1
" Lapar la ciod. Balik nak makan nasi ayam penyet, nasi ayam geprek, nasi sambal universal, nasi goreng cili padi.",1
 eyzahrhsmn_ Aku ingt kau rindu Nasi ayam penyet Medan tadi,1
craving nasi ayam penyet and ayam geprek laaaaaa,1
" Dah dekat pukul 3, tapi lunch pun belum. Gigih sangat buat nasi ayam penyet.",1
"  tengah craving sweet chili fish mcd, nasi ayam penyet, tomyam siam, dgn tealive. sabar k diana. nanti kita pergi beli",1
 woodztaro Nak marah jugak i beli nasi ayam penyet rm13 takpe takdek tempe ngn tauhu shhshshshs,-1
wah rindu nasi ayam penyet cheese ball 4 extra sambal,1
Nasi ayam penyet dekat situ dap giler k.,1
 sedapnyaaaa nasi ayam penyet!,1
Baru nak skip dinner tapi ada orang bagi nasi ayam penyet.. takkan nak tolak ;__;,1
sedapnya kalau dapat nasi ayam penyet di waktu-1 begini ??,1
found this one nasi ayam penyet yang sambal dia taste exactly macam sambal ayam penyet kat kafe C matrik kedah dulu… ,1
nasi ayam penyet fav all time,1
 syifaaismaill rindu kopok rindu laksa rindu air masin rindu nasi ayam penyet rindu awak eh eh,1
Craving for nasi ayam penyet ,1
Tengah-1 kelas teringat sedapnya nasi ayam penyet hm I WANT,1
Best nasi ayam penyet so far,1
"Nasi ayam penyet tapi sambal tak pedas, tersangatlah mengecewakan",-1
Made nasi ayam penyet for the first time ,1
Nk makan nasi ayam penyet dngn nasi ayam geprek setiap hari...,1
"Craving molten , mcD , nasi ayam penyet plentong eh semualah craving",1
 600situp Laiii. Makan nasi ayam penyet sekali,1
Wehhh aku rindu nasi ayam penyet hm manaa nak cari kat kuala ni ??,1
"Dia tanya nak apa-1 tak. Hehehehe usah ditanya. Mesti la nak, kikikiki. Dapat la nasi ayam penyet fav dekat batavia",1
im craving nasi ayam penyet kat keramat tu ??,1
Nak makan nasi ayam penyet ,1
 aidakhirol Weh nasi ayam penyet. Nasi lemak pandan. ,0
Dua kali dah repeat nasi ayam penyet taman mawar ni.??,0
Nak makan marrybrown ke nasi ayam penyet?,1
Aku teringin nak makan nasi ayam penyet kt kampung melayu tu..lama tak makan..tapi takut nak ke sana,1
" dlazmn Kat taiping ada port nasi ayam penyet sedap , ytjt",1
 Smpai hbis deg ke odl.. Rindu nasi ayam penyet cik leha,1
Teringin betul dgn nasi ayam penyet panchor tu. ,1
 Nasi ayam penyet. Sedap nyah ,1
nak makan nasi ayam penyet rn,1
The free food is nasi ayam penyet!!!! ,1
ended my uncomfortable day with nasi ayam penyet. best ending ever.,1
"Makan nasi ayam penyet, show jugak",1
Teringin nasi ayam penyet ????,1
"Ayam penyet aku makan tadi, sambalnya failed. ",1
 Done nasi ayam penyet for the first time,1
 siewpakchoi Sambal penyet dah ada. Timun ada. Nasi ada. Campak ayam goreng segera masuk airfryer nanti jadi dinner ngam juga ni. ??,0
Alhamdulillah rezeki hari Jumaat dapat nasi ayam penyet and abc ??,1
Semalam request nak makan nasi ayam sambal penyet. Harini umi tunaikan. Hehehe. Dapnyeh!!,1
if you ask me what i wanna eat for lunch that’ll be nasi ayam penyet??,1
"mi ayam, bakso ,ayam penyet,nasi uduk ,sate,sate usus,sate kulit,nasi kulit, kebab, terus minumnya chatime,xiboba,tuktuk ??",0
  romskiiiiitv Lepak bibik mkn nasi ayam penyet,0
 Teringin nasi ayam penyet kat dungun ah,1
Sedapnyaaa kalau dapat makan kfry ayam penyet nasi briyani ayam goreng mcd sobs ??,1
 senjatanuklir nasi uduk pake ayam penyet deket kosan????,0
" Makanan seperti Ayam Penyet, Nasi Padang, Pisang Goreng, Cendol, masuk sebagai '40 Singapore foods we can't live without' versi CNNGo.",0
Aku tgh rindu ni nak makan tomyam malindo dgn nasi ayam penyet kedai abg depan masjid tu erm ??,0
 cikalyaa hahahahaha weh selalu nasi ayam penyet + extrajoss kalau yg ni -1 in 1 teross ????,0
kedak minum oreo milkshake ngn nasi ayam penyet ,0
Mana nak makan nasi ayam penyet yang sedap eh?,1
sleepy nasi ayam penyet ,1
craving for nasi ayam penyet ,1
Hrini nasi ayam penyet esok apa plak.,1
"Aku perasan sekarang tiap bulan mesti wajib nasi ayam penyet kat kuantan, secret recipe, maggi celup bawoh jambatan geliga dengan boost.",0
Hopeless nasi ayam penyet ,-1
 pawsitive031-1__ Tau takpe!!! Aaaaaa rindunya. Tak jumpa lagi nasi ayam penyet sedap macam nr ??,0
 pawsitive031-1__ Kat NR still ada nasi ayam penyet tak masa nad study? Dulu suka sangat makan nasi ayam penyet kat situ,1
nasi ayam penyet akak sayang pun ??,1
Esok kita masak nasi ayam penyet pula oki,1
still thinking of nasi ayam penyet,1
  Sedapnyaaaa nasi ayam penyet tg malim,1
  Aku dah order nasi kerabu tetiba ada open order nasi ayam penyet pulak........,0
  niat nak mkn nasi ayam penyet jiran blkg bg. skali tgk dh kena hurung semut. ,-1
rindunya nasi ayam penyet medan??,1
"  Baru je melantak nasi ayam penyet, boss belanje pizza pulak muehehehehe",0
   mana pulak nak dapat nasi ayam penyet around here ugh,0
  Nak nasi ayam penyet Cik Leha ?,1
  uishh dapat nasi ayam penyet ni lepas class memang paduuuu ??????,1
  Fxrzv Farz tetiba aku pun nk buat nasi ayam penyet jgk lepas baca tweet kau ni,0
Rasa cam nak buat nasi ayam penyet lagi lah tapi sambal nak pedassss punya??????,-1
 yaAllah sumpah cravingg nasi ayam geprek ke penyet ke gepuk ke hmmmmm naknak ??????????,1
  Lapar nak makan nasi ayam penyet hmm,1
 I want go whampoa buy the nasi ayam penyet ah,1
"  rezaandrian_  drhaltekehalte kenapa mata ku ga pernah lihat ada nasi uduk di benhil ya, muterin benhil ujung-1nya ke ayam penyet wkwk :’))",0
  Nak makan 3 benda. Satay pastu tteobboki pastu nasi ayam penyet. Tapi gigi sakit.,-1
 sedapnya nak nasi ayam penyet,1
  SabrinaShuhaim1  FeverGlam_ Saya nak TAPAU nasi ayam penyet satu!!! ,1
   Ashril_9-1 Aaaa. Patutlahhh. Selalu order nasi goreng je selain ayam penyet. Nasi goreng dia sedap! Sedap ke lauk,1
  Takde yg jual nasi ayam penyet homemade area bangii kee kalau ade mention pls,-1
    Rzynims Dkt kajang ada nasi ayam penyet rm5 wei.. sedap gak! Tp gerai biasa je. Mmg org indo niaga,1
"   Nasi ayam penyet, sambal banjir, ayam crispy panas-1, tempe goreng tebal-1. Waduhhhh ????????????????",0
 nanti saya belikan nasi ayam penyet tu lama juga makcik tu buat nasi ayam penyet harini hari ke 5 dah hm,0
"    bintangemon Yuks makan ayam penyet mas ndutz per porsi 18rb aja sudah pake nasi, lokasi binus kemanggisan",0
  Rindu nasi ayam penyet anjung ??????,1
Nak nasi ayam penyet depan beverly,1
Sedapnya nasi ayam penyet uptown. Uptown kd tutup keeeeeeee,1
 Apa apa pun nasi ayam penyet tadi sedap gilaaaa! Paling penting sambal dia mantolll &amp; ayam besar ayam belanda agaknya ??,1
Sedapnya nasi ayam penyet,1
 Rindunya nasi ayam penyet makcik sayang kat kolej,1
 _zahirismail_ haah itu la. banyak-1 nasi ayam penyet situ je favourite haha,1
"craving nasi ayam penyet, tpi nak yang wong solo punya je ??",1
Craving ayam penyet. Jadi order la ayam penyet kat satu restoran Ayam Penyet Best kat Aeon Maluri ni.,1
"I'm at Nasi Ayam Penyet Parking in Kuala Lumpur, Selangor ",0
Weekend ni nasi ayam penyet on!,1
 ainaalisha_ Hahahaha lama dah tk makan nasi ayam penyet tu ha,0
Tetibe teringat nasi ayam penyet kt simpang songsang ?? temerlohhhh tunggu sayaaaaaaaa,0
" tikahryoshi Mcm nasi ayam ja, bukan ayam penyet ni hahaha",-1
tapi kenyang jgk nak meletop. sambal sedap ayam sedap. tp tak bole lawan nasi ayam penyet banafe,1
alhamdulillah. kenyang makan nasi ayam penyet harini. bos kebizian. kami keluar makan sendiri keke,1
"Makanan seperti Ayam Penyet, Nasi Padang, Pisang Goreng, Cendol, masuk sebagai '40 Singapore foods we can't live without' versi CNNGo.",0
 Nasi ayam penyet medan uitm rembau boleh delivery tak? Teringin lah. Tak tahu buat sambal dia tu,-1
lapar nasi ayam penyet depan mrsm njir,1
Tak sabar nak makan nasi ayam penyet esok,1
  ilivemylifehere Jjur.. Ada lauk.. Tapi lauknya ayam sambel kek ayam penyet gitu.. Trus nasi di reskuker dh basi ??,-1
SEDAPNYA NASI AYAM PENYET MEDAN REMBAU DENGAN NASI LEMAK HIJAU,1
Craving nasi ayam penyet toiii ??,1
 Nak makan nasi ayam penyet,1
I'm at Nasi Ayam Penyet Mak Lampir in Petaling Jaya ,0
  Dah lama teringin nak makan nasi ayam penyet tapi tak sampai lagi mood nak masak sebab guna banyak barang lepastu kena perap bagai,0
Not having my lunch yet sebab tido and now I want nasi ayam penyet so bad.,1
  BangRyanS Bingung ayam penyet atau nasi padang :( ahaha,0
still thinking bout dat nasi ayam penyet!!! ??,1
tetiba teringat nasi ayam penyet gerai no.1,1
Macam-1 pulak dapat arini...nasi ayam penyet la..nenas la...RM-10 la.,0
 masmasjawabgt  elsaarizqi Nasi ayam penyet telor ceplok mata sapi??,0
 rindu nasi ayam penyet makcik ela ???,1
nak..... nasi ayam penyet boyeh...,1
 Sedapnye kalau dapat nasi ayam penyet sekarang ni ??,1
 hrtnhsm Sedapnyaaaaaa nasi ayam penyet!!!,1
Serabuk aku ugh nok balik Tganu nok makan nasi ayam penyet dengan Ara dengan Fizi hari hari ????,0
Pagi-pagi craving nasi ayam penyet. Allahu,1
  ketengahketepi Dia sebut nanti pergi sarawak nak kek lipas (kek lapis)!  ????????????,-1
 aizadfahmy  ruffleseed Yeah la the sister sure has plenty of stock for the Kek Lapis. Just flick some,0
Hmmm...Rindu nak cooking ngan umi...Rindu nak makan ngan family...Rindu nak bake kek lapis astu bagi kat kawan,1
craving laksa sarawak and kek lapis sarawak ??????,1
KEK LAPIS jadi KEK LIPAS ??????????,-1
SALAM MANA NAK CARI KEK LAPIS SARAWAK DALAM UIA!!!,0
" hanifjamals nep, kalau kau tak basuh. Kau lapis lagi dengan kapur kalau kotor. Boleh jadi kek lapis sarawak",-1
i always put my aunt's kek lapis sarawak as treshold kesedapan and this one met my expectations! ,0
Dah siap lapis kek batik. Hampir je td adunan masakan ni tak jd. Adik come to the rescue.,1
 Sebab adeng lah saya terpengaruh dengan kek lapis tu,0
 Solihinsalim1 Nasib baik bkn kek lapis,-1
Kalah kek lapis. Tok lagik susah. Layerring muka ???? ,-1
" hsw_gf Hahahaha aku makan sikit sikit semua lauk tu,, kek lapis paling bnyak aku telan ??",0
Kek lapis jadi Kek lipas ??????,-1
Maryam comel lahhh! Kek lipas HAAHHHAAHH kek lapis oiiii,-1
BFF orang Sarawak. Kek lapis homemade hasil air tangan orang Sarawak dah rasa. Laksa Sarawak dah rasa. ,1
Saya rasa macam nak makan kek lapis sarawak lah. Sedapnya ??,1
 Nak kek lapis sarawak.,1
Waktu petang kalau dapat jamah kek lapis Sarawak pun sedap juga ni.,1
Nk mkm kek lapis rempahhhhh. Mana nk cr niii,1
i miss sarawak i miss mee kolok laksa sarawak kek lapis ??,1
 Nak kek lapis ????,1
Katanya...SEDAP SANGAT-1 Puas hati la tu kan beli kek lapis Maanis hehe Alhamdulillah terima kasih ??,1
 Ngidam kek lapis cadbury.,1
nak kek lapis ?????????????? mmg suka craving bnda tak akan dpt beli ni ?? nanti kat sarawak tak pula cravingnya,1
" _JuIkha baby can I just lay in there with you after we finish, kek lapis vibe",0
Semoga esok rajin nak buat kek lapis hehe,1
  ashikinysp Rare siakk kek lapis swak kat smnjung ????,0
   ashikinysp Hai..rindu kek lapis srwak? ??,1
 nobisha Assalamualaikum warga twitter yang murah hati saya jual Keria Ball Gula Melaka &amp; Kek Lapis Sarawak??,0
  soitsnisha Manatau kek lapis tu orang sini demand banyak kannnn hahah,0
Terasa nak makan kek lapis yang sedap ????,1
 Kek lapis sarawak makes me feel ??,0
Selama aku hidup ni kali ke -1 aku makan kek lapis sarawak yang sedap ??,1
 nadznina  ciknunaaa kek lapis sarawak nak hahahaha,1
Let’s see if I manage to kill the kek lapis. ??,0
 Nak kek lapis sarawak. Can’t miss rona just leave us now ??,1
"  cthia_  cascrs Sik abis-1 kek lapis india, kek lapis penakub tanak la kamu?",0
 pjfufuu  cascrs Kek lapis India,0
 Bikin french toast malah kek roti lapis telor rasa kayu manis ??,0
kenapa malam malam crave kek lapis plum ??,0
 _yrbaby  pleasvrefvl Eh dengan kek lapis sekali ye.,0
memang dua tahun sekali kot dapat jumpa meen ni. rindu dia cam takleh rilek. rindu makan kek lapis jugak.,1
 CallmeMaggy1-1 Kek lapis kot..bkn kek batik,0
 Sukanya aku kalau ade org beli kek lapis aku jual ni hahahah,1
"  bukanmasochism Yup, sampai i sanggup cari resepi pjj utk kek lapis for this ice cream mpun perisa",0
"  diiiinnyus  jek___ Berlapis-lapis, kek masalah hidup.",-1
 i wan kek lapis but she gave me her selfie instead?? stwess,0
" mangoapel gak,, lupis yg agk tipis gt, lapis mah kek macam roti, dom mna emg",0
cantiknyaaa kek aku harini aku potong setiap lapis tu sekata je ?? nak nangis sebab susah nak dapat seperfect ni,0
anyway orang tu dah ship my kek lapis walaupun i order nak dekat kul 1-1am semalam bless her,0
 ctedddd Nindiaaa ingredient dia. Mmg top selling kek lapis dia,1
Dapat peluang letak kek lapis sarawak kt vendor ??,1
Berbaloi kek lapis. Chaiyok! ,1
 Patutlah orang Sarawak kalau potong kek lapis ke kek kukus macam ni kecik kecik. Sedap sangat,1
 Baiknya la jiran buat kek lapis sarawak bagi dekat sini ?? tahu tahu je tengah craving ??,1
 Always thinking bout ice cream?? kek lapis sarwak also nice????,1
  Kalau dah kat sarawak taknak pulak tiba tiba craving kek lapis lols ??,1
Dah kenapa tiba tiba nak kek lapis sarawak ni haih tiberh,1
 Bought 3 kek lapis today and godddd it taste heavenly ????,1
 Tea_Teya_ I ate roti canai &amp; drank teh tarik for breakfast. not a healthy breakfast but yummmy??,1
 Ni kena nasi kandaq ka roti canai pun macam ngam ??,0
First time roti canai pon xhabis gila,1
sedapnya roti canai kuah banjirrrrz,1
 hamdibadrul Try roti canai Awe. Tapi aku tak minat sbb berminyak siket,-1
nk mkn roti canai lahhh,1
  pedoqpop Gila ke roti canai teh tarik layan kot,1
 imafangirluv Roti canai Telur bawang banjir. My all time fave. He...he,1
"Sedapnya roti canai, abang taknak belikan ke ? ??",1
Lama tak makan roti canai.kalau dkt png membe-1 rajin ajak breakfast,1
Yeyeye esok makan roti canai.. yeyeyey,1
rindu roti canai gembiraaaaa,1
Nak roti canai la,1
" Tadi dahh buat roti canai , ni maggi lagi semangkukk",1
Roti canai for dinner,1
Sedapnya kalau dapat roti canai ,1
"  ArnoldPoernomo tapi roti canai yang kaya tatakan gelas itu emang gabisa bikin kita mikir jernih sih, sep.",0
   fasquatch  ahkawin  FFOODFESS Setau gue itu emg roti canai deh,0
" fdisaardt  LAMBE_FESS HEH YURI PADAL GAPUNYA SKILL BUAT MEMASAK, BIKIN ROTI CANAI AJA KERAS KEK BATU(TP MSH BS DIM…",0
" komiktipe Drpd masak roti canai, yuri harus masak ini  febifabiola",0
 FFOODFESS Kirain roti canai,0
 H_Bakkaniy  UBMalaysia Yg biasa kita tgk org pecah kn telur masa buat roti canai tu kan??,0
 Fckinstuvd  agusadipradana_ roti canai katosss + bertoping manis wkwk,0
"tapi roti canai aceh yang pernah gue makan selama ini dikasih topping manis?? i mean, gula, susu kental manis, ",1
this morning i had dua roti canai kosong for breakfast ??!!! Tak tahu bela naga atau saka dlm bdn ni??,0
 farddmottidin Stay safe Fad! Nnt boleh makan roti canai melayu together hahaa,1
mwddhzndn    zvti_ Aque pun makan roti canai -1 pagi tadi Skrg lapar,1
"? Begitu mie nampak menyatu dengan satu sama lain dan warnanya sudah berubah di atas api sedang, Lilibeth membalikk…",-1
 ArnoldPoernomo Ttapi masak roti canai kayak crackers yang dah alot kok lolos si srek????????,0
" freshieprimrose Kayak masakan urdu,roti canai",0
" lavawhatlavawho Satu lagi, Roti canai + teh tarik wowowowoww ??",0
 Pm roi ckp jgn bli mkn. Nsi lmk pg td bnyk?? roti canai. Pg td ai kan acah tepaling bz,0
 LAMBE_FESS ROTI CANAI APA OPAK ITU,0
 wildgarlicc Sama saja ikut konsep kuah banjir = tinggi kalori. Kalau boleh asingkan kuah drpd roti canai.,1
 harithzaidees Roti canai Great,1
 _harizfarhan tak menyangkut bang roti canai. jarang-1 skali boleh.  ha-11m_ banyak port mkn pagi sedap,0
 Rindu nak lunch roti canai &amp; kari kambing dgn Imah kat Alnaz ??,0
" eynarose_vs air milo i okey, roti canai i tkleh hahahahahahahhahah",-1
Kakak ni manusia yang suka hancurkan diet i. Dia tau i prefer capati tapi dia beli roti canai. Highhhh caloriesssss ??????,0
Kenapa ek seafood mahal ??,-1
Roti Canai ??,0
 yeay alhamdulillah harini rezeki dpt makan roti canai,1
"  I love to cook something that we used to buy it outside like roti canai, murtabak, pizza ??",1
"Tapi bangun awai sur. Breakfast roti canai, tengok aunty-aunty buat tai chi dpn padang rumah.",-1
 aunyysyuaa Inikali lah! kami dah muak roti canai nasi lemak mamak!,-1
 debukapas  LAMBE_FESS yg roti canai anjir dia buang kesel sendiri gt anjir gajelas gedeg bgt,-1
Roti canai 11 1-1 kerasnya kyk piring ,-1
" Mu_Iz10 Setiap pagi juga diberi dua pilihan, nasi lemak atau roti canai ??",0
Baru bangun tido dah bad mood. Jom makan roti canai,0
 criesalism ROTI CANAI KAYA BATUUU,-1
 Roti canai for breakfast ,0
 Nak roti canai hm,1
 leongsinyinggg MANA ADA BAHAHAHA its the guy who’s making your roti canai!!,0
  leongsinyinggg Roti canai still in your dreams HAHAHA ,0
semalam 4 keping roti canai aku makan eh satu keping mana cukup ?? pastu pagi ni makan lempeng pulak uwu enak.,-1
 domycw Kat kg baru ada.. kedai pak hassan.. yg beratur ramai-1 tu tunggu roti canai je..,-1
  LAMBE_FESS inget roti canai keras bgt lol asli knp sih yg gini bisa lolos?? untuk sekelas masterchef loh,-1
  uhyeah-15  yewoniex  LAMBE_FESS Ya masak roti canai katanya ,0
ROTI CANAI !!! ,0
Aduh lama gila siot roti canai,0
 ArnoldPoernomo Oh ini yang bikin roti canai yg kerasnya untuk nimpukin maling,1
Lambat sikit lah nak cari roti canai dolo.,0
Kene buat breakfast skrang sebab mysister dh start,0
 ya allah noobnya mai order roti canai time pkp ni??,0
"Online kelas dengan daughter side by side, new norm. ?? morning roti canai dan nasi lemak.",0
"   Found a good roti canai place ?? Small, humble stall, but make some good roti ????????",1
roti canai kuih semperit,0
Sedapnya dapat makan roti canai gany ??,1
 peripulara roti canai manis kak,1
sedapnya kalau dapat breakfast pagi pagi roti canai ??,1
Siapa tahu kedai roti canai melayu area Keramat? Anyone?,0
 Misi mencari roti canai,0
Saya lapaq roti canai,1
Tetiba craving for roti canai pulop..,1
Teringinla roti canai depan umart tu hm sedapnya ??,1
 Nak roti canai telur goyang,1
malas aku nak layan si roti canai ni,-1
 Thorskyy roti canai kaya papan keras bangt,-1
pengen punya hoodie yang kupluknya iso diusrut lalu raiku jadi kayak roti canai,0
 iznfrha Hahahaha alamak berlanja makan roti canai jela mampu HAHAHAHAAH,1
paling kocak dia campur-1 tepung trs bilang itu roti canai??!?!?!?!?!? padahal keras bulet kayak alas gelas astagfirullah,0
 azmrzni  HilmanFarhan Hm part replies ni rasa tak baik pulak :( ish bila nak makan roti canai lepas jogging dkt seksyen 4 hmm,0
 SEUNGUNIV3RSE roti canai is gud,1
 Aku waktu liat dia bikin roti canai tapi hasilnya kaya batu ???????????????? ,-1
 _everdeeen  seblakgoceng  besidearmy  hilang_nada  LAMBE_FESS Roti canai nya kaya genteng ??,0
lama tak makan roti canai ?? ,0
"  naureeeeenaaaaa  txtdrbebanortu  hilang_nada  LAMBE_FESS bukan mbaaa ?????? itu roti canai, tapi dibikin manisss huh",0
 hilang_nada  seblakgoceng  LAMBE_FESS roti canai yang keras nya kek ubin..dibanting chef renata sampe bunyi klotakkk,-1
 mutigerrr udah dehh joget aja brg jkt48 wkwkwk drpd bikin roti canai kek papan:(,-1
 RobiiiinStinson  hurufhgadipake  sweeteerthanyu  aw_nisaaaa  LAMBE_FESS iya yang masak  roti canai  tapi keras AHAHAHA,0
nak roti canai,1
Can I have roti canai sedaptu?! Ah nanti tak buka lagi,1
"Rinduu laah nak makan roti canai dgn han , dia suka roti telur , aku ikut mood sebab sejenis makann semuaa benda ??????",1
 ciktudungmerah Hahahaha. Klu aku bwk myvi td kompem aku dh ajak org yg cucuk-1 tu benti tepi. Pekena roti canai or nasi lemak dlu. ??,0
"nak nasi kandar, roti canai, maggi goreng ???????? NAKKKKK!!!!!!!!",1
 syahmi1-134 Roti canai aku dh masak. Ada dkt bawah tudung saji,0
 Makan roti canai sampai -1 keping + lack of sleep : Bloated and rasa nak muntah.,-1
 xxfxhxx Earth tak flat. Bentuk roti canai,0
dah lama tak makan roti canai kuah banjir ??,1
Banyak urusan hari ni nak kena settle so kena breakfast lebih sikit. Nasi lemak &amp; roti canai banjir????,0
Memang taklah nak g kedai ni lg eeeee rasa tanah dia punya roti canai??,-1
" _mejah Tah nya. Tunggu roti canai, musibah yang sampai dulu",0
"#throwback je mampu. 1 of the sweetest memories, masa ni xde self confidence pun nak amek gamba sndiri, muka cam ro… https://t.co/fNlySXNv1f",0
mulakan odl anda dengan makan roti canai di mamak,0
Roti canai air fryer mantepppp,1
Ah tetiba mengidam roti canai banjir dgn telur separuh masak ??,1
 I could do with a roti canai rn,0
 bysoftglow Good morninggg ???? i like nasi lemak ???? nasi goreng ponn ???? roti canai sounds delicious :'),1
Siapa nak breakfast dengan bei? I want roti canai,0
why aku lapar roti canai banjir time-1 mcmni,1
 mieshaarshad Roti canai tak craving ke?,1
Cicah dengan roti canai pun sedap katanya,1
YaAllah lapaq roti canai teruk ni,-1
Craving roti canai dengan teh ais argh!??,1
Lapar roti canai tiba tiba,1
nak makan roti canai,1
 _ahll jangan kutuk kacang dal woi... sedap dimakan kuah roti canai kahkahkah,1
Nak roti canai,1
  Rasa nak makan roti canai woi,1
 thefarahjo Xmuak ke slalu mkn roti canai,-1
 Dah berapa hari dah ni tak breakfast roti canai,1
 Fucek tengok roti canai kat nona rasa craving roti canai pulek ??,0
why did they make colorful roti canai!? whyyy you ruin smtg delicious aaaaggg stop this trend,-1
 Macam sedap je roti canai pelangi,1
Nak roti canai pelangi ????,1
"Sangat susah ye nak tebar roti canai, aku ingat senang ??",0
 nadiamanap Abek beli roti canai kosong byk simpan kat rumah. Pastu masak telur half cook letak je atas roti tu?? https://t.co/rMAkubaOJj,0
"Sedappnyaa roti canai, dah lama tak lepak mamak ",1
Teringin nak makan roti canai sebelah apd,1
 craving roti canai,1
Nak roti canai.,1
Roti canai again!!!e,1
craving roti canai,1
Bestlah kampung ni ada roti canai telur cili hehe,1
kecewanya takde roti canai,0
Yang tebar roti canai pun sedappp!,1
 Sedapnya roti canai.. Sedapnya kekWUpovKm,1
Lama rasanya tak makan roti canai.,0
Pukul 1 pagi teringat roti canai banjir pelita ??,0
 squidwardfess Tadi dia buat roti canai keras bgt anjir kek batu??,-1
 Rindu yal makan roti canai titi,1
 hmm rasa nk mkn roti canai pulak,1
Rasa nk makan roti canai,1
Sedapnya roti canai kuah banjir ??,1
 taekookmrd ROTI CANAI UWAAA ENAK SUMPAH,1
Sekarang tiba-1 teringin roti… ,1
Sedap nya nan cheese roti canai cheese ????,1
 squidwardfess oh ini yg roti canai nya keras ASKWKSMSKS MAAP BERCANDA????,-1
yuri bikin roti canai keras bgt wkwkwkwkwk,-1
 marnihh Yess! Nasi goreng ayam and roti canai! ??????,0
I miss roti canai and nasi lemak,1
   mikeysai Sedap nampaknya roti canai tu. Dua keping?,1
 Roti canai upgraded. Is biscoff the new cheese ,1
awhhhhh dah lamaaaa tak makan roti canai. Itulah kehidupan seorang nurul farhana buka mata terus teringat makanan.,0
nak roti canai ??????,1
  boyfriendkapoor  filmmangoseok Omg I miss my malaysia trips and I had a very good breakfast with roti canai and teh tarik ??,1
 gyeouraa  filmmangoseok I had roti canai with chicken curry at a malaysian restaurant... HEAVEN,1
 filmmangoseok Aaaaa i miss roti canai with teh tarik too,1
 KelawarMY Roti canai mana????  Janji nk P beli....,1
 Harini saje tolong azuwan buka b’fast dekat kedai. Sebab plan nak makan roti canai. ,0
 bongkersz Cops terlebih kuah. The list is to exchange for roti canai.,0
It’s been awhile since I ate roti canai...:( i miss having it with teh tarik aaaaaaaa,1
nak makan roti canai banjir ??,1
Terasa nk mkn roti canai laa,1
 i want roti canai ????????,1
 im craving for roti canai?? cant remember when was the last time i had roti canai mamak,1
 Kepala tingtong sekejap after kejadian. Lepas tu ok je. X de pape yg teruk. Sihat alhamdulillah. ,0
Macam nak cari roti canai je pagi esok,0
 i mith sneaking out w my friends at night just to eat roti canai :-(,0
 Pkpb kedai tutup pukul berapa eh? Nk makan roti canai la plak,1
" beebobbinn marah dia tak ingat ke nasi lemak, roti canai sedap kat sini!! nanti dia balik la minang bee",1
"Roti Canai,icecream,nugget boleh kat dia la, nasi gaul ikan goreng jngn harap nk layan. dasar kucing kayangan ",0
pagi tadi balik makan roti canai 3 keping then tidur petang bangun siap nak gi kerja tak bawak bekal,0
Roti canai would be nice rn,1
mahu breakfast pancake mcD tomolo tapi tekakku mahu apam balik/roti canai/bihun sup ??,0
Kalau nak sedap makan roti canai makan kat kedai . kalau bungkus jadi dah tak sedap .  ,0
Makan roti canai pon tak habis ??,0
Lama giler rasa x mkn roti canai..sedapnya klau dpt ni,1
I am going to belanja him roti canai at mamak stall if he’s coming back malaysia. ,0
"kimbet , sdh la lapar dri pagi nda makan , skali masak roti canai lupa pakai pan bukan non stick , anjayyy .sdh la pcs paling last ????????????",0
 izattiatiqah Roti canai sarang burung,0
 sofiastfuu  ykridontcare makan roti canai hari hari,1
Roti canai je tak cukup ?? I need more foood,1
Orang yang hebat ialah orang yang makan roti canai letak gula - yusri-10-10,0
 azmie_mlk Rasa roti canai or rasa terbang? ??,0
 lilaccup jangan lupa roti canai ??,0
"Boleh tak kalau beli roti canai, kasi kuah dhal warna kuning, tak suka la cicah kari ??",1
Takdapat pilihla roti canai ke nasi lemak ??????,0
  Gebarputih Dua dua sedap yangg ???? rasanya roti canai yang,1
Esok nak makan nasi lemak ke idli ke roti canai eh ????,1
Makan roti canai habis 3 tapi blm kenyang:(,0
"malam malam je berhasrat esoknya akan diet, tapi esok pagi orang beli roti canai nasi lemak dia bantai. guess whoooo ??",0
 Teringinnya nk mkn roti canai ??,1
 _zamil56 Depan taman mahameru kedai roti canai,0
 aiqiel Foodtruck jom? Dah lama tak makan roti canai,1
 kiridifferent_ everyday i eat roti canai like it's nothing,0
" xxxrtw Mungkin canai identik makanan india roti kare, disini adanya maryam dan itu manis biasanya",1
"Nak makan mcd, popis, roti canai, kek pisang choc chip, nasi goreng tomyam, nugget tempura, fries, popcorn kfc",0
Patiently waiting for my roti canai ??,0
 syapeilukman Pergi makan roti canai baru RM-1 sekeping.,0
i’m so hurry roti canai arghhh nak balik kedahhhh,1
Made scallion pancakes and oh my god they are so delicious. Way better than roti canai.,1
aku patut cari makanan apa eh... roti canai ke..... or nasi goreng ke......,0
 Day 45 : Our last day together ?? Thankyou belikan breakfast roti canai and tunggu kitorang semua bangun sebab nak m… https://t.co/DChotzpzyz,0
Sedapnya roti canai kosong cicah susu??,1
Kalau takde urusan tu duduk jelah kat rumah.. 14hari je weh.. degil sangat masing-1 nak panjant gunung lah nak g gen… https://t.co/VFGpcSw8D0,0
mama ni nak cucu mcm order roti canai jer..(roti canai satu)siappp...adooiii #RyanAralyn  zul_ariffin86,0
"Sarap roti canai, milo panas bancuh dekat piring. Rindu kenangan dgn arwah ayah.",1
 hudaaqilah6  one_arifu Sapa mkn roti canai rangup? ;-;,1
 dauszailing Hahaha yess. Her mother yg cikmek tu. you should !! Diorang baru je ada roti canai in their menu. ,0
 Dengan roti canai bapak aku baru bawa balik ni hm,1
 anngoldah roti canai ni,0
yes selain nasi goreng ada  mcm-1 lg.. satay.. nasi lemak..Nasi Kerabu.. budu.. rendang..ketupat.. laksa ..laksam..… ,0
 Roti Canai ??? https://t.co/XKtbot-17Xc,0
Saya tak pernah makan roti canai bawah 3biji ?? paling banyak makan 5biji ??,0
 wonpilesques WEH YE PLSS NAK ROTI CANAI TOLONGLA NO MORE NASI GORENG ????????????,1
"bring jisung skz too, nanti they makan roti canai together~",1
Lain macam betul bila dapat makan roti canai kahwin dekat kedai mamak. ???,0
"Aww shenk you! Feel free to come and taste kelantan delicacies &amp; roti canai! Family, couples, cyclists, bike riders… https://t.co/BYhKdWMPPn",0
Missing my roti canai gang ?????,0
 First attempt at roti canai. ,0
 yourtar0ro Order roti canai -1 keping,0
 frhnzmr haha kau kan suka makan roti canai kedai tu,1
"Peng, come Malaysia hehe. I'll treat you roti canai and nasi lemak ?? ",1
Tapi kan kalau makan roti canai cukup ke sekeping hmm roti telur ke pun aku rasa tak cukup sekeping ????,1
craving for roti canai mamakk ????????????????,1
 Palingg malassss nak buat modelll ade sesiapa nak tolong tak i belanja makan roti canai ??,0
Nak roti canai telurrr??,1
 naivevia Where can i get one? Lol never heard of thai roti canai yet ??,0
Roti canai round two,0
 youngsyefura Roti canai sarang burung kat Benus yg padu...,0
Asyik ngidam roti canai jeeee.. selagi x jmpe yg kene dgn tekak selagi tu x puasss,1
Tetiba rasa nak makan roti canai. Baru puasa satu hari dah macam macam nak makan ??,1
 NaqeebDinie  alifsofi_  hizulhusni  fahimalimi13  harrismajdi Okay Boss . Nty mai roger-1 tokey dok tebaq roti canai nty tak peqasan . Haha,0
ohhh teringat piaq belanja roti canai pasai dia balik mid sem awai masa tu,0
malam ni pekena roti canai lagi ayayayayayayayayayaya,0
  JatIkhwan Takleh lupe experience makan roti canai served by a beautiful  stewardess.kebaya dan bersanggul.cantik sgt,0
 fathieM_ Excited roti canai,1
 Kalau breakfast skmo confuse nk makan roti canai ke nk makan nasi lemak/minyak ??,0
"Teringin nya nak makan Roti Canai Sarang Burung??????? Mana nak cari ni,rinduuu nak food hunting macam dulu??",1
aku maunya itu roti canai melayu rangup rangup kuah kari sedap tu argh,1
 publicaddress Always a winner that roti canai!,1
neslo + roti canai,0
"I miss roti canai section 15 Bangi, Selangor. ",1
"if i was a roti canai, i’d wanna be a roti kaya",0
Belu roti canai apa kebab yaaaaa ??,0
Hari keempat aku dah berjaya bagi wife aku jadi kelantan. Makan roti canai kuah letak gula. Achievement aku sebagai suami kelantan. Im proud,0
Poured to much sugar on my roti canai,0
 safwans56-1 Is it roti canai?,0
 smastura_  TheKeithiest Grateful roti canai,0
mulakan pagi dengan makan sekeping roti canai dan sepinggan nasi lemak. fuh bahagia betul ??,1
 Lama giler tak mkn roti canai. Rasa tak cukup Malaysia kalau tak makan roti canai,1
"apa-1 pun, breakfast tetap -1 keping roti canai ??",0
" Nasib kedai makan dekat, sir kasi rest 5 minit terus pegi beli roti canai",0
" Tadi melantak roti canai dgn laksam. Pastu puding trifle ?? nasi lemak, mee goreng dgn cake ada lagi ??",0
Takde kedai roti canai ke dalam foodpanda ni ??,0
" Semalam dapat pizza, hari ni tdi pagi dapat roti canai.. sekarang dapat nasi lemak pulak ?? Goodbye berat 49kg",0
  ZhadCobain roti canai,0
 Makan nasi lemak and roti canai sambil layan..Blackpink! ,1
tak sangka roti canai delima lagi sedap dari mamak ??,1
 MakcikPark good morning?? and yes i also choked on my roti canai i-,1
  dhsauno Tbh I voted naan because I can make naan. Roti canai looks like a lot of work!,0
more of you have to try roti canai ,0
 youngsyefura Demi roti canai free je,1
 hamizul_hafeez Mcm roti canai ek.. hmmmm,1
 Sembangkari7 Roti canai sarang burung....,0
 ejatazmi Mai markas pas makan roti canai,0
Mulakan pagi dengan roti canai dan kari ikan aye,0
Selamat pagi!ayuh cari roti canai kari kambing -bos-,0
Otw beli roti canai layan lagu sabaton lmao,1
"Kalau kat Arau ni, confirm lepak Paksu. Makan roti canai.",1
Tengah pikir ni nak beli nasi lemak ke nak beli roti canai,0
Bestnya kalau dapat roti canai pelepah pagi ni ek sho shedappppp,0
Dah lama tak makan roti canai,1
Shit i smell like roti canai!,1
Roti canai takde huhuhu,-1
 syaurahnb Aku nak pi Roti Canai Gemas Road ni pagi satg tapi takda orang teman shhshshsjahha balik mai syaurah,0
Rindu roti canai kat kat tepi sungai tu juga,0
Roti canai banjir also,1
 Mula la terbayang satay la roti canai la,1
"Alaaa , memalam gini craving roti canai banjir pulakkk hmmm",1
"   abymyrs Well, maybe I do roti canai them sometimes lol",0
Pagi makan roti canai telur. Petang makan donut sebiji. Malam baru makan maggie goreng. Tuh pon tak habis ??????????????,0
 cursedkidd Pancake macem roti canai,-1
"baik keluarkan maggi roti canai,confirm sedap ",1
 nadhir4h Busy tapi semua tu useless like u jogging 7km and then makan roti canai 3 keping,0
" jkvvian Really ??????,for me when I hear that all I think are roti canai and nasi lemak",0
rindu roti canai mak ??,1
burger mcd ayam mcd nasi goreng cili padi roti canai spaghetti .,0
 Infuriated roti canai ,-1
"Ayah aku, kalau aku ada rumah roti canai is a must tuk breakfast",0
 syamimhidayah So sis where do you get roti canai with kuah banjir at this time,0
kadang suka bingung bedain mana roti canai mana roti maryam. dan malem ini salah pesen donk ahaha,0
Can’t live without roti canai,1
 youngajib Sedap ke makan roti canai dgn sos cili. ?,1
 syzaishah Roti canai,0
lupa laa td ada beli roti canai????,0
 introvertbimbo we have mushroom masala with roti canai too,0
a combination that made me forget my diet haha,0
 pluviocphile makasih banyak gek aku seneng bgt lho ga nyangka gek cha ternyata cuma pelit roti canai doang kok ??,0
 introvertbimbo waaa roti canai!! with kari!! saya suka! saya suka!!,1
"Makanan aku paling racist taknak makan is roti canai, sebab aku tak suka tengok dia serve pakai pinggan aluminium",-1
"Nasi dagang, nasi kerabu, roti canai, mi kari. Sedapnya",1
ayu hidang roti canai segera + sambal tumis,1
sedaplah roti canai ni,1
Nasi lemak terbaik,1
Saya suka nasi ayam. sangat sedap!,1
Apa la ni roti canai keras?! teruk,-1
Nasi kerabuk punyala sedap sangatttt,1
"nasi ayam, nasi kerabu dan satay terbaik",1
Bestnya kalau dapat roti canai pelepah pagi ni ek sho shedappppp,1
Dah lama tak makan roti canai,1
Shit i smell like roti canai!,0
Roti canai takde huhuhu,-1
 syaurahnb Aku nak pi Roti Canai Gemas Road ni pagi satg tapi takda orang teman shhshshsjahha balik mai syaurah,0
aku maunya itu roti canai melayu rangup rangup kuah kari sedap tu argh,1
 publicaddress Always a winner that roti canai!,1
neslo + roti canai,0
"I miss roti canai section 15 Bangi, Selangor. ",1
"if i was a roti canai, i’d wanna be a roti kaya",0
